accuracy,precision,recall,f1
0.7381121362668559,0.5042881646655232,0.786096256684492,0.6144200626959248
